ConveyorA;Sent;1570789845508
ConveyorB;Received;1570789859903
ConveyorB;Sent;1570789860184
ConveyorC;Received;1570789862340
ConveyorC;Sent;1570789862653
ConveyorD;Received;1570789865762
ConveyorD;Sent;1570789876347
ConveyorE;Received;1570789878628
ConveyorE;Sent;1570789878925
ConveyorF;Received;1570789882284
ConveyorF;Sent;1570789893091
ConveyorA;Received;1570789895965
ConveyorA;Sent;1570789898231
ConveyorB;Received;1570789910390
ConveyorB;Sent;1570789911827
ConveyorC;Received;1570789913979
ConveyorC;Sent;1570789914229
ConveyorD;Received;1570789917338
ConveyorD;Sent;1570789927837
ConveyorE;Received;1570789930243
ConveyorE;Sent;1570789930477
ConveyorF;Received;1570789933836
ConveyorF;Sent;1570789944665
ConveyorA;Received;1570789947458
ConveyorA;Sent;1570789949724
ConveyorB;Received;1570789961844
ConveyorB;Sent;1570789963266
ConveyorC;Received;1570789965422
ConveyorC;Sent;1570789965656
ConveyorD;Received;1570789968703
ConveyorD;Sent;1570789979192
ConveyorE;Received;1570789981473
ConveyorE;Sent;1570789981708
ConveyorF;Received;1570789985067
ConveyorF;Sent;1570789995884
ConveyorA;Received;1570789998525
ConveyorA;Sent;1570790000793
ConveyorB;Received;1570790013021
ConveyorB;Sent;1570790014459
ConveyorC;Received;1570790016615
ConveyorC;Sent;1570790016849
ConveyorD;Received;1570790019974
ConveyorD;Sent;1570790030473
ConveyorE;Received;1570790032738
ConveyorE;Sent;1570790032973
ConveyorF;Received;1570790036406
ConveyorF;Sent;1570790047232
ConveyorA;Received;1570790050466
ConveyorA;Sent;1570790052732
ConveyorB;Received;1570790065078
ConveyorB;Sent;1570790066500
ConveyorC;Received;1570790068662
ConveyorC;Sent;1570790068896
ConveyorD;Received;1570790072021
ConveyorD;Sent;1570790082520
ConveyorE;Received;1570790084785
ConveyorE;Sent;1570790085019
ConveyorF;Received;1570790088269
ConveyorF;Sent;1570790099091
ConveyorA;Received;1570790101841
ConveyorA;Sent;1570790104091
ConveyorB;Received;1570790116189
ConveyorB;Sent;1570790117627
ConveyorC;Received;1570790122298
ConveyorC;Sent;1570790122533
ConveyorD;Received;1570790125656
ConveyorD;Sent;1570790136142
ConveyorE;Received;1570790138423
ConveyorE;Sent;1570790138658
ConveyorF;Received;1570790142017
ConveyorF;Sent;1570790152844
ConveyorA;Received;1570790155251
ConveyorA;Sent;1570790157488
ConveyorB;Received;1570790169589
ConveyorB;Sent;1570790171011
ConveyorC;Received;1570790173292
ConveyorC;Sent;1570790173542
ConveyorD;Received;1570790176651
ConveyorD;Sent;1570790187140
ConveyorE;Received;1570790191091
ConveyorE;Sent;1570790191326
ConveyorF;Received;1570790194669
ConveyorF;Sent;1570790205496
ConveyorA;Received;1570790208262
ConveyorA;Sent;1570790210496
ConveyorB;Received;1570790222658
ConveyorB;Sent;1570790224080
ConveyorC;Received;1570790226486
ConveyorC;Sent;1570790226720
ConveyorD;Received;1570790229845
ConveyorD;Sent;1570790240349
ConveyorE;Received;1570790242614
ConveyorE;Sent;1570790242848
ConveyorF;Received;1570790246216
ConveyorF;Sent;1570790257026
ConveyorA;Received;1570790259542
ConveyorA;Sent;1570790261791
ConveyorB;Received;1570790273909
ConveyorB;Sent;1570790275346
ConveyorC;Received;1570790277502
ConveyorC;Sent;1570790277745
ConveyorD;Received;1570790280760
ConveyorD;Sent;1570790291258
ConveyorE;Received;1570790293539
ConveyorE;Sent;1570790293773
ConveyorF;Received;1570790297133
ConveyorF;Sent;1570790307943
ConveyorA;Received;1570790310584
ConveyorA;Sent;1570790312841
ConveyorB;Received;1570790324955
ConveyorB;Sent;1570790326393
ConveyorC;Received;1570790328549
ConveyorC;Sent;1570790328783
ConveyorD;Received;1570790331908
ConveyorD;Sent;1570790342411
ConveyorE;Received;1570790344677
ConveyorE;Sent;1570790344912
ConveyorF;Received;1570790348208
ConveyorF;Sent;1570790359008
ConveyorA;Received;1570790361898
ConveyorA;Sent;1570790364148
ConveyorB;Received;1570790376354
ConveyorB;Sent;1570790377788
ConveyorC;Received;1570790379959
ConveyorC;Sent;1570790380194
ConveyorD;Received;1570790383303
ConveyorD;Sent;1570790393791
ConveyorE;Received;1570790396072
ConveyorE;Sent;1570790396307
ConveyorF;Received;1570790399659
ConveyorF;Sent;1570790410455
ConveyorA;Received;1570790413088
ConveyorA;Sent;1570790415353
ConveyorB;Received;1570790427469
ConveyorB;Sent;1570790428906
ConveyorC;Received;1570790431062
ConveyorC;Sent;1570790431297
ConveyorD;Received;1570790434411
ConveyorD;Sent;1570790444904
ConveyorE;Received;1570790447060
ConveyorE;Sent;1570790447294
ConveyorF;Received;1570790450653
ConveyorF;Sent;1570790461441
ConveyorA;Received;1570790463957
ConveyorA;Sent;1570790466189
ConveyorB;Received;1570790478320
ConveyorB;Sent;1570790479742
ConveyorC;Received;1570790482023
ConveyorC;Sent;1570790482257
ConveyorD;Received;1570790485382
ConveyorD;Sent;1570790495867
ConveyorE;Received;1570790498039
ConveyorE;Sent;1570790498257
ConveyorF;Received;1570790501619
ConveyorF;Sent;1570790512416
ConveyorA;Received;1570790515291
ConveyorA;Sent;1570790517556
ConveyorB;Received;1570790529666
ConveyorB;Sent;1570790531103
ConveyorC;Received;1570790533265
ConveyorC;Sent;1570790533499
ConveyorD;Received;1570790536624
ConveyorD;Sent;1570790547094
ConveyorE;Received;1570790549375
ConveyorE;Sent;1570790549610
ConveyorF;Received;1570790552844
ConveyorF;Sent;1570790563652
ConveyorA;Received;1570790566766
ConveyorA;Sent;1570790569031
ConveyorB;Received;1570790581272
ConveyorB;Sent;1570790582694
ConveyorC;Received;1570790584975
ConveyorC;Sent;1570790585209
ConveyorD;Received;1570790588330
ConveyorD;Sent;1570790598823
ConveyorE;Received;1570790601098
ConveyorE;Sent;1570790601333
ConveyorF;Received;1570790604692
ConveyorF;Sent;1570790615529
ConveyorA;Received;1570790617919
ConveyorA;Sent;1570790620185
ConveyorB;Received;1570790632418
ConveyorB;Sent;1570790633855
ConveyorC;Received;1570790636496
ConveyorC;Sent;1570790636730
ConveyorD;Received;1570790639855
ConveyorD;Sent;1570790650338
ConveyorE;Received;1570790652494
ConveyorE;Sent;1570790652729
ConveyorF;Received;1570790656075
ConveyorF;Sent;1570790666878
ConveyorA;Received;1570790669409
ConveyorA;Sent;1570790671643
ConveyorB;Received;1570790683870
ConveyorB;Sent;1570790685307
ConveyorC;Received;1570790687457
ConveyorC;Sent;1570790687691
ConveyorD;Received;1570790690816
ConveyorD;Sent;1570790701313
ConveyorE;Received;1570790703595
ConveyorE;Sent;1570790703829
ConveyorF;Received;1570790707188
ConveyorF;Sent;1570790718018
ConveyorA;Received;1570790720299
ConveyorA;Sent;1570790722547
ConveyorB;Received;1570790734664
ConveyorB;Sent;1570790736101
ConveyorC;Received;1570790738382
ConveyorC;Sent;1570790738617
ConveyorD;Received;1570790741741
ConveyorD;Sent;1570790752218
ConveyorE;Received;1570790754498
ConveyorE;Sent;1570790754732
ConveyorF;Received;1570790758091
ConveyorF;Sent;1570790768931
ConveyorA;Received;1570790771681
ConveyorA;Sent;1570790773947
ConveyorB;Received;1570790786177
ConveyorB;Sent;1570790787622
ConveyorC;Received;1570790789888
ConveyorC;Sent;1570790790122
ConveyorD;Received;1570790793341
ConveyorD;Sent;1570790803839
ConveyorE;Received;1570790806120
ConveyorE;Sent;1570790806354
ConveyorF;Received;1570790809691
ConveyorF;Sent;1570790820522
ConveyorA;Received;1570790823162
ConveyorA;Sent;1570790825412
ConveyorB;Received;1570790837595
ConveyorB;Sent;1570790839017
ConveyorC;Received;1570790841188
ConveyorC;Sent;1570790841423
ConveyorD;Received;1570790844413
ConveyorD;Sent;1570790854923
ConveyorE;Received;1570790857079
ConveyorE;Sent;1570790857313
ConveyorF;Received;1570790860672
ConveyorF;Sent;1570790871483
ConveyorA;Received;1570790874608
ConveyorA;Sent;1570790876828
ConveyorB;Received;1570790889039
ConveyorB;Sent;1570790890477
ConveyorC;Received;1570790892633
ConveyorC;Sent;1570790892867
ConveyorD;Received;1570790895976
ConveyorD;Sent;1570790906487
ConveyorE;Received;1570790908771
ConveyorE;Sent;1570790908995
ConveyorF;Received;1570790912245
ConveyorF;Sent;1570790923060
ConveyorA;Received;1570790925575
ConveyorA;Sent;1570790927825
ConveyorB;Received;1570790939943
ConveyorB;Sent;1570790941364
ConveyorC;Received;1570790943533
ConveyorC;Sent;1570790943752
ConveyorD;Received;1570790946876
ConveyorD;Sent;1570790957397
ConveyorE;Received;1570790959662
ConveyorE;Sent;1570790959897
ConveyorF;Received;1570790963256
ConveyorF;Sent;1570790974036
ConveyorA;Received;1570790977155
ConveyorA;Sent;1570790979421
ConveyorB;Received;1570790991466
ConveyorB;Sent;1570790992904
ConveyorC;Received;1570790995060
ConveyorC;Sent;1570790995294
ConveyorD;Received;1570790998419
ConveyorD;Sent;1570791008908
ConveyorE;Received;1570791011064
ConveyorE;Sent;1570791011283
ConveyorF;Received;1570791014658
ConveyorF;Sent;1570791025455
ConveyorA;Received;1570791027970
ConveyorA;Sent;1570791030236
ConveyorB;Received;1570791042360
ConveyorB;Sent;1570791043782
ConveyorC;Received;1570791045954
ConveyorC;Sent;1570791046188
ConveyorD;Received;1570791049297
ConveyorD;Sent;1570791059815
ConveyorE;Received;1570791062097
ConveyorE;Sent;1570791062315
ConveyorF;Received;1570791065555
ConveyorF;Sent;1570791076376
ConveyorA;Received;1570791079235
ConveyorA;Sent;1570791081485
ConveyorB;Received;1570791093603
ConveyorB;Sent;1570791095040
ConveyorC;Received;1570791097212
ConveyorC;Sent;1570791097431
ConveyorD;Received;1570791100556
ConveyorD;Sent;1570791111101
ConveyorE;Received;1570791113382
ConveyorE;Sent;1570791113601
ConveyorF;Received;1570791116960
ConveyorF;Sent;1570791127784
ConveyorA;Received;1570791130792
ConveyorA;Sent;1570791133042
ConveyorB;Received;1570791145262
ConveyorB;Sent;1570791146684
ConveyorC;Received;1570791148856
ConveyorC;Sent;1570791149090
ConveyorD;Received;1570791152199
ConveyorD;Sent;1570791162718
ConveyorE;Received;1570791165077
ConveyorE;Sent;1570791165296
ConveyorF;Received;1570791168655
ConveyorF;Sent;1570791179443
ConveyorA;Received;1570791182208
ConveyorA;Sent;1570791184458
ConveyorB;Received;1570791196529
ConveyorB;Sent;1570791197968
ConveyorC;Received;1570791200124
ConveyorC;Sent;1570791200358
ConveyorD;Received;1570791203483
ConveyorD;Sent;1570791214023
ConveyorE;Received;1570791216304
ConveyorE;Sent;1570791216523
ConveyorF;Received;1570791219883
ConveyorF;Sent;1570791230707
ConveyorA;Received;1570791233832
ConveyorA;Sent;1570791236082
ConveyorB;Received;1570791248203
ConveyorB;Sent;1570791249625
ConveyorC;Received;1570791251906
ConveyorC;Sent;1570791252144
ConveyorD;Received;1570791255185
ConveyorD;Sent;1570791265700
ConveyorE;Received;1570791267981
ConveyorE;Sent;1570791268200
ConveyorF;Received;1570791271559
ConveyorF;Sent;1570791282360
ConveyorA;Received;1570791285374
ConveyorA;Sent;1570791287610
ConveyorB;Received;1570791299661
ConveyorB;Sent;1570791301082
ConveyorC;Received;1570791303363
ConveyorC;Sent;1570791303598
ConveyorD;Received;1570791306707
ConveyorD;Sent;1570791317217
ConveyorE;Received;1570791319497
ConveyorE;Sent;1570791319731
ConveyorF;Received;1570791323074
ConveyorF;Sent;1570791333869
ConveyorA;Received;1570791336868
ConveyorA;Sent;1570791339118
ConveyorB;Received;1570791351298
ConveyorB;Sent;1570791352721
ConveyorC;Received;1570791354893
ConveyorC;Sent;1570791355112
ConveyorD;Received;1570791358236
ConveyorD;Sent;1570791368749
ConveyorE;Received;1570791371030
ConveyorE;Sent;1570791371248
ConveyorF;Received;1570791374623
ConveyorF;Sent;1570791385409
ConveyorA;Received;1570791387987
ConveyorA;Sent;1570791390252
ConveyorB;Received;1570791402361
ConveyorB;Sent;1570791403799
ConveyorC;Received;1570791405955
ConveyorC;Sent;1570791406189
ConveyorD;Received;1570791409190
ConveyorD;Sent;1570791419716
ConveyorE;Received;1570791421872
ConveyorE;Sent;1570791422106
ConveyorF;Received;1570791425465
ConveyorF;Sent;1570791436277
ConveyorA;Received;1570791439152
ConveyorA;Sent;1570791441397
ConveyorB;Received;1570791453507
ConveyorB;Sent;1570791454928
ConveyorC;Received;1570791457084
ConveyorC;Sent;1570791457319
ConveyorD;Received;1570791460443
ConveyorD;Sent;1570791470974
ConveyorE;Received;1570791473255
ConveyorE;Sent;1570791473486
ConveyorF;Received;1570791476815
ConveyorF;Sent;1570791487615
ConveyorA;Received;1570791490256
ConveyorA;Sent;1570791492505
ConveyorB;Received;1570791504536
ConveyorB;Sent;1570791505942
ConveyorC;Received;1570791508103
ConveyorC;Sent;1570791508337
ConveyorD;Received;1570791511462
ConveyorD;Sent;1570791521994
ConveyorE;Received;1570791524165
ConveyorE;Sent;1570791524384
ConveyorF;Received;1570791527743
ConveyorF;Sent;1570791538525
ConveyorA;Received;1570791541047
ConveyorA;Sent;1570791543313
ConveyorB;Received;1570791555312
ConveyorB;Sent;1570791556734
ConveyorC;Received;1570791558890
ConveyorC;Sent;1570791559125
ConveyorD;Received;1570791562252
ConveyorD;Sent;1570791572756
ConveyorE;Received;1570791574922
ConveyorE;Sent;1570791575141
ConveyorF;Received;1570791578500
ConveyorF;Sent;1570791589290
ConveyorA;Received;1570791591571
ConveyorA;Sent;1570791593836
ConveyorB;Received;1570791605960
ConveyorB;Sent;1570791607381
ConveyorC;Received;1570791609537
ConveyorC;Sent;1570791609772
ConveyorD;Received;1570791612896
ConveyorD;Sent;1570791623399
ConveyorE;Received;1570791625555
ConveyorE;Sent;1570791625789
ConveyorF;Received;1570791629220
ConveyorF;Sent;1570791640018
ConveyorA;Received;1570791642534
ConveyorA;Sent;1570791644783
ConveyorB;Received;1570791656880
ConveyorB;Sent;1570791658302
ConveyorC;Received;1570791660473
ConveyorC;Sent;1570791660692
ConveyorD;Received;1570791663823
ConveyorD;Sent;1570791674333
ConveyorE;Received;1570791676520
ConveyorE;Sent;1570791676754
ConveyorF;Received;1570791679989
ConveyorF;Sent;1570791690746
ConveyorA;Received;1570791693386
ConveyorA;Sent;1570791695649
ConveyorB;Received;1570791707872
ConveyorB;Sent;1570791709294
ConveyorC;Received;1570791711450
ConveyorC;Sent;1570791711684
ConveyorD;Received;1570791714809
ConveyorD;Sent;1570791725322
ConveyorE;Received;1570791727478
ConveyorE;Sent;1570791727713
ConveyorF;Received;1570791731069
ConveyorF;Sent;1570791741829
ConveyorA;Received;1570791744345
ConveyorA;Sent;1570791746594
ConveyorB;Received;1570791758606
ConveyorB;Sent;1570791760028
ConveyorC;Received;1570791762315
ConveyorC;Sent;1570791762534
ConveyorD;Received;1570791765659
ConveyorD;Sent;1570791776174
ConveyorE;Received;1570791778455
ConveyorE;Sent;1570791778689
ConveyorF;Received;1570791782048
ConveyorF;Sent;1570791792795
ConveyorA;Received;1570791795919
ConveyorA;Sent;1570791798184
ConveyorB;Received;1570791810260
ConveyorB;Sent;1570791811682
ConveyorC;Received;1570791813854
ConveyorC;Sent;1570791814073
ConveyorD;Received;1570791817193
ConveyorD;Sent;1570791827677
ConveyorE;Received;1570791829944
ConveyorE;Sent;1570791830163
ConveyorF;Received;1570791833522
ConveyorF;Sent;1570791844276
ConveyorA;Received;1570791846792
ConveyorA;Sent;1570791849042
ConveyorB;Received;1570791861147
ConveyorB;Sent;1570791862568
ConveyorC;Received;1570791864849
ConveyorC;Sent;1570791865068
ConveyorD;Received;1570791868068
ConveyorD;Sent;1570791878572
ConveyorE;Received;1570791880728
ConveyorE;Sent;1570791880963
ConveyorF;Received;1570791884320
ConveyorF;Sent;1570791895059
ConveyorA;Received;1570791897574
ConveyorA;Sent;1570791899824
ConveyorB;Received;1570791911832
ConveyorB;Sent;1570791913254
ConveyorC;Received;1570791915426
ConveyorC;Sent;1570791915645
ConveyorD;Received;1570791918746
ConveyorD;Sent;1570791929274
ConveyorE;Received;1570791931556
ConveyorE;Sent;1570791931774
ConveyorF;Received;1570791935133
ConveyorF;Sent;1570791945864
ConveyorA;Received;1570791948271
ConveyorA;Sent;1570791950513
ConveyorB;Received;1570791962507
ConveyorB;Sent;1570791963945
ConveyorC;Received;1570791966101
ConveyorC;Sent;1570791966335
ConveyorD;Received;1570791969460
ConveyorD;Sent;1570791979980
ConveyorE;Received;1570791982261
ConveyorE;Sent;1570791982480
ConveyorF;Received;1570791985837
ConveyorF;Sent;1570791996580
ConveyorA;Received;1570791999471
ConveyorA;Sent;1570792001720
ConveyorB;Received;1570792013838
ConveyorB;Sent;1570792015275
ConveyorC;Received;1570792017430
ConveyorC;Sent;1570792017664
ConveyorD;Received;1570792020773
ConveyorD;Sent;1570792031296
ConveyorE;Received;1570792033577
ConveyorE;Sent;1570792033812
ConveyorF;Received;1570792037171
ConveyorF;Sent;1570792047919
ConveyorA;Received;1570792050566
ConveyorA;Sent;1570792052815
ConveyorB;Received;1570792064923
ConveyorB;Sent;1570792066376
ConveyorC;Received;1570792068533
ConveyorC;Sent;1570792068751
ConveyorD;Received;1570792071875
ConveyorD;Sent;1570792082425
ConveyorE;Received;1570792084694
ConveyorE;Sent;1570792084928
ConveyorF;Received;1570792088163
ConveyorF;Sent;1570792098899
ConveyorA;Received;1570792101790
ConveyorA;Sent;1570792104040
ConveyorB;Received;1570792116152
ConveyorB;Sent;1570792117589
ConveyorC;Received;1570792119761
ConveyorC;Sent;1570792119980
ConveyorD;Received;1570792123104
ConveyorD;Sent;1570792133620
ConveyorE;Received;1570792135901
ConveyorE;Sent;1570792136136
ConveyorF;Received;1570792139447
ConveyorF;Sent;1570792150207
ConveyorA;Received;1570792152598
ConveyorA;Sent;1570792154847
ConveyorB;Received;1570792166952
ConveyorB;Sent;1570792168390
ConveyorC;Received;1570792170546
ConveyorC;Sent;1570792170780
ConveyorD;Received;1570792173892
ConveyorD;Sent;1570792184409
ConveyorE;Received;1570792186691
ConveyorE;Sent;1570792186925
ConveyorF;Received;1570792190284
ConveyorF;Sent;1570792201047
ConveyorA;Received;1570792203688
ConveyorA;Sent;1570792205926
ConveyorB;Received;1570792218036
ConveyorB;Sent;1570792219458
ConveyorC;Received;1570792221614
ConveyorC;Sent;1570792221848
ConveyorD;Received;1570792224848
ConveyorD;Sent;1570792235366
ConveyorE;Received;1570792237647
ConveyorE;Sent;1570792237881
ConveyorF;Received;1570792241240
ConveyorF;Sent;1570792252008
ConveyorA;Received;1570792254899
ConveyorA;Sent;1570792257149
ConveyorB;Received;1570792269393
ConveyorB;Sent;1570792270833
ConveyorC;Received;1570792272981
ConveyorC;Sent;1570792273215
ConveyorD;Received;1570792276324
ConveyorD;Sent;1570792286848
ConveyorE;Received;1570792289129
ConveyorE;Sent;1570792289348
ConveyorF;Received;1570792292707
ConveyorF;Sent;1570792303480
ConveyorA;Received;1570792306238
ConveyorA;Sent;1570792308488
ConveyorB;Received;1570792320585
ConveyorB;Sent;1570792322022
ConveyorC;Received;1570792324178
ConveyorC;Sent;1570792324413
ConveyorD;Received;1570792327522
ConveyorD;Sent;1570792338074
ConveyorE;Received;1570792340386
ConveyorE;Sent;1570792340621
ConveyorF;Received;1570792343980
ConveyorF;Sent;1570792354723
ConveyorA;Received;1570792357363
ConveyorA;Sent;1570792359601
ConveyorB;Received;1570792371700
ConveyorB;Sent;1570792373137
ConveyorC;Received;1570792375293
ConveyorC;Sent;1570792375528
ConveyorD;Received;1570792378652
ConveyorD;Sent;1570792389154
ConveyorE;Received;1570792391435
ConveyorE;Sent;1570792391669
ConveyorF;Received;1570792395026
ConveyorF;Sent;1570792405770
ConveyorA;Received;1570792408769
ConveyorA;Sent;1570792411019
ConveyorB;Received;1570792423139
ConveyorB;Sent;1570792424592
ConveyorC;Received;1570792426749
ConveyorC;Sent;1570792426967
ConveyorD;Received;1570792429967
ConveyorD;Sent;1570792440490
ConveyorE;Received;1570792442771
ConveyorE;Sent;1570792443006
ConveyorF;Received;1570792446365
ConveyorF;Sent;1570792457132
ConveyorA;Received;1570792459890
ConveyorA;Sent;1570792462124
ConveyorB;Received;1570792474227
ConveyorB;Sent;1570792475665
ConveyorC;Received;1570792477837
ConveyorC;Sent;1570792478055
ConveyorD;Received;1570792481065
ConveyorD;Sent;1570792491564
ConveyorE;Received;1570792493751
ConveyorE;Sent;1570792493985
ConveyorF;Received;1570792497344
ConveyorF;Sent;1570792508089
ConveyorA;Received;1570792510979
ConveyorA;Sent;1570792513229
ConveyorB;Received;1570792525466
ConveyorB;Sent;1570792526900
ConveyorC;Received;1570792529056
ConveyorC;Sent;1570792529290
ConveyorD;Received;1570792532400
ConveyorD;Sent;1570792542891
ConveyorE;Received;1570792545157
ConveyorE;Sent;1570792545391
ConveyorF;Received;1570792548750
ConveyorF;Sent;1570792559496
ConveyorA;Received;1570792562183
ConveyorA;Sent;1570792564417
ConveyorB;Received;1570792576427
ConveyorB;Sent;1570792577849
ConveyorC;Received;1570792580021
ConveyorC;Sent;1570792580255
ConveyorD;Received;1570792583296
ConveyorD;Sent;1570792593839
ConveyorE;Received;1570792595995
ConveyorE;Sent;1570792596229
ConveyorF;Received;1570792599588
ConveyorF;Sent;1570792610347
ConveyorA;Received;1570792612987
ConveyorA;Sent;1570792615229
ConveyorB;Received;1570792627325
ConveyorB;Sent;1570792628778
ConveyorC;Received;1570792630934
ConveyorC;Sent;1570792631169
ConveyorD;Received;1570792634293
ConveyorD;Sent;1570792644791
ConveyorE;Received;1570792647084
ConveyorE;Sent;1570792647312
ConveyorF;Received;1570792650608
ConveyorF;Sent;1570792661339
ConveyorA;Received;1570792663979
ConveyorA;Sent;1570792666229
ConveyorB;Received;1570792678410
ConveyorB;Sent;1570792679863
ConveyorC;Received;1570792682015
ConveyorC;Sent;1570792682249
ConveyorD;Received;1570792685374
ConveyorD;Sent;1570792695856
ConveyorE;Received;1570792698137
ConveyorE;Sent;1570792698371
ConveyorF;Received;1570792701730
ConveyorF;Sent;1570792712477
ConveyorA;Received;1570792715470
ConveyorA;Sent;1570792717720
ConveyorB;Received;1570792729833
ConveyorB;Sent;1570792731270
ConveyorC;Received;1570792733551
ConveyorC;Sent;1570792733786
ConveyorD;Received;1570792736954
ConveyorD;Sent;1570792747478
ConveyorE;Received;1570792749759
ConveyorE;Sent;1570792749993
ConveyorF;Received;1570792753352
ConveyorF;Sent;1570792764094
ConveyorA;Received;1570792766734
ConveyorA;Sent;1570792768967
ConveyorB;Received;1570792781081
ConveyorB;Sent;1570792782518
ConveyorC;Received;1570792784674
ConveyorC;Sent;1570792784909
ConveyorD;Received;1570792788034
ConveyorD;Sent;1570792798538
ConveyorE;Received;1570792800819
ConveyorE;Sent;1570792801054
ConveyorF;Received;1570792804415
ConveyorF;Sent;1570792815143
ConveyorA;Received;1570792817658
ConveyorA;Sent;1570792819908
ConveyorB;Received;1570792831963
ConveyorB;Sent;1570792833385
ConveyorC;Received;1570792835549
ConveyorC;Sent;1570792835784
ConveyorD;Received;1570792838908
ConveyorD;Sent;1570792849401
ConveyorE;Received;1570792851682
ConveyorE;Sent;1570792851917
ConveyorF;Received;1570792855401
ConveyorF;Sent;1570792866124
ConveyorA;Received;1570792868770
ConveyorA;Sent;1570792871004
ConveyorB;Received;1570792883087
ConveyorB;Sent;1570792884524
ConveyorC;Received;1570792886680
ConveyorC;Sent;1570792886915
ConveyorD;Received;1570792890040
ConveyorD;Sent;1570792900536
ConveyorE;Received;1570792902940
ConveyorE;Sent;1570792903174
ConveyorF;Received;1570792906533
ConveyorF;Sent;1570792917257
ConveyorA;Received;1570792920132
ConveyorA;Sent;1570792922381
ConveyorB;Received;1570792934504
ConveyorB;Sent;1570792935946
ConveyorC;Received;1570792938055
ConveyorC;Sent;1570792938430
ConveyorD;Received;1570792941539
ConveyorD;Sent;1570792952047
ConveyorE;Received;1570792954328
ConveyorE;Sent;1570792954562
ConveyorF;Received;1570792957917
ConveyorF;Sent;1570792968655
ConveyorA;Received;1570792971405
ConveyorA;Sent;1570792973670
ConveyorB;Received;1570792985639
ConveyorB;Sent;1570792987076
ConveyorC;Received;1570792989232
ConveyorC;Sent;1570792989467
ConveyorD;Received;1570792992474
ConveyorD;Sent;1570793002986
ConveyorE;Received;1570793005173
ConveyorE;Sent;1570793005408
ConveyorF;Received;1570793008767
ConveyorF;Sent;1570793019512
ConveyorA;Received;1570793021903
ConveyorA;Sent;1570793024156
ConveyorB;Received;1570793036201
ConveyorB;Sent;1570793037638
ConveyorC;Received;1570793039919
ConveyorC;Sent;1570793040154
ConveyorD;Received;1570793043154
ConveyorD;Sent;1570793053681
ConveyorE;Received;1570793055837
ConveyorE;Sent;1570793056071
ConveyorF;Received;1570793059429
ConveyorF;Sent;1570793070175
ConveyorA;Received;1570793072940
ConveyorA;Sent;1570793075190
ConveyorB;Received;1570793087302
ConveyorB;Sent;1570793088724
ConveyorC;Received;1570793091131
ConveyorC;Sent;1570793091365
ConveyorD;Received;1570793094396
ConveyorD;Sent;1570793104923
ConveyorE;Received;1570793107204
ConveyorE;Sent;1570793107438
ConveyorF;Received;1570793110797
ConveyorF;Sent;1570793121526
ConveyorA;Received;1570793124285
ConveyorA;Sent;1570793126519
ConveyorB;Received;1570793138642
ConveyorB;Sent;1570793140080
ConveyorC;Received;1570793142236
ConveyorC;Sent;1570793142470
ConveyorD;Received;1570793145594
ConveyorD;Sent;1570793156124
ConveyorE;Received;1570793158383
ConveyorE;Sent;1570793158617
ConveyorF;Received;1570793161976
ConveyorF;Sent;1570793172704
ConveyorA;Received;1570793175703
ConveyorA;Sent;1570793177953
ConveyorB;Received;1570793190014
ConveyorB;Sent;1570793191436
ConveyorC;Received;1570793193607
ConveyorC;Sent;1570793193842
ConveyorD;Received;1570793196841
ConveyorD;Sent;1570793207354
ConveyorE;Received;1570793209619
ConveyorE;Sent;1570793209854
ConveyorF;Received;1570793213220
ConveyorF;Sent;1570793223940
ConveyorA;Received;1570793226815
ConveyorA;Sent;1570793229080
ConveyorB;Received;1570793241196
ConveyorB;Sent;1570793242633
ConveyorC;Received;1570793244914
ConveyorC;Sent;1570793245143
ConveyorD;Received;1570793248299
ConveyorD;Sent;1570793258819
ConveyorE;Received;1570793261100
ConveyorE;Sent;1570793261335
ConveyorF;Received;1570793264694
ConveyorF;Sent;1570793275424
ConveyorA;Received;1570793278196
ConveyorA;Sent;1570793280437
ConveyorB;Received;1570793292598
ConveyorB;Sent;1570793294020
ConveyorC;Received;1570793296191
ConveyorC;Sent;1570793296410
ConveyorD;Received;1570793299535
ConveyorD;Sent;1570793310088
ConveyorE;Received;1570793312372
ConveyorE;Sent;1570793312606
ConveyorF;Received;1570793315965
ConveyorF;Sent;1570793326699
ConveyorA;Received;1570793329090
ConveyorA;Sent;1570793331355
ConveyorB;Received;1570793343494
ConveyorB;Sent;1570793344928
ConveyorC;Received;1570793347209
ConveyorC;Sent;1570793347428
ConveyorD;Received;1570793350553
ConveyorD;Sent;1570793361112
ConveyorE;Received;1570793363393
ConveyorE;Sent;1570793363643
ConveyorF;Received;1570793366994
ConveyorF;Sent;1570793377712
ConveyorA;Received;1570793380627
ConveyorA;Sent;1570793382893
ConveyorB;Received;1570793395004
ConveyorB;Sent;1570793396442
ConveyorC;Received;1570793398598
ConveyorC;Sent;1570793398832
ConveyorD;Received;1570793401879
ConveyorD;Sent;1570793412401
ConveyorE;Received;1570793414682
ConveyorE;Sent;1570793414901
ConveyorF;Received;1570793418260
ConveyorF;Sent;1570793428960
ConveyorA;Received;1570793431241
ConveyorA;Sent;1570793433475
ConveyorB;Received;1570793445699
ConveyorB;Sent;1570793447137
ConveyorC;Received;1570793449293
ConveyorC;Sent;1570793449527
ConveyorD;Received;1570793452652
ConveyorD;Sent;1570793463195
ConveyorE;Received;1570793465601
ConveyorE;Sent;1570793465835
ConveyorF;Received;1570793469298
ConveyorF;Sent;1570793480028
ConveyorA;Received;1570793482668
ConveyorA;Sent;1570793484934
ConveyorB;Received;1570793496975
ConveyorB;Sent;1570793498397
ConveyorC;Received;1570793500559
ConveyorC;Sent;1570793500793
ConveyorD;Received;1570793503918
ConveyorD;Sent;1570793514491
ConveyorE;Received;1570793516756
ConveyorE;Sent;1570793516991
ConveyorF;Received;1570793520350
ConveyorF;Sent;1570793531083
ConveyorA;Received;1570793533956
ConveyorA;Sent;1570793536222
ConveyorB;Received;1570793548333
ConveyorB;Sent;1570793549754
ConveyorC;Received;1570793551926
ConveyorC;Sent;1570793552145
ConveyorD;Received;1570793555262
ConveyorD;Sent;1570793565808
ConveyorE;Received;1570793567975
ConveyorE;Sent;1570793568209
ConveyorF;Received;1570793571444
ConveyorF;Sent;1570793582146
ConveyorA;Received;1570793585145
ConveyorA;Sent;1570793587395
ConveyorB;Received;1570793599516
ConveyorB;Sent;1570793600954
ConveyorC;Received;1570793603235
ConveyorC;Sent;1570793603469
ConveyorD;Received;1570793606578
ConveyorD;Sent;1570793617171
ConveyorE;Received;1570793619562
ConveyorE;Sent;1570793619796
ConveyorF;Received;1570793623165
ConveyorF;Sent;1570793633848
ConveyorA;Received;1570793636848
ConveyorA;Sent;1570793639113
ConveyorB;Received;1570793651195
ConveyorB;Sent;1570793652617
ConveyorC;Received;1570793654790
ConveyorC;Sent;1570793655009
ConveyorD;Received;1570793658133
ConveyorD;Sent;1570793668692
ConveyorE;Received;1570793670957
ConveyorE;Sent;1570793671176
ConveyorF;Received;1570793674535
ConveyorF;Sent;1570793685247
ConveyorA;Received;1570793688249
ConveyorA;Sent;1570793690499
ConveyorB;Received;1570793702521
ConveyorB;Sent;1570793703943
ConveyorC;Received;1570793706115
ConveyorC;Sent;1570793706334
ConveyorD;Received;1570793709333
ConveyorD;Sent;1570793719885
ConveyorE;Received;1570793722177
ConveyorE;Sent;1570793722411
ConveyorF;Received;1570793725770
ConveyorF;Sent;1570793736472
ConveyorA;Received;1570793739346
ConveyorA;Sent;1570793741596
ConveyorB;Received;1570793753713
ConveyorB;Sent;1570793755135
ConveyorC;Received;1570793757338
ConveyorC;Sent;1570793757572
ConveyorD;Received;1570793760697
ConveyorD;Sent;1570793771221
ConveyorE;Received;1570793773502
ConveyorE;Sent;1570793773736
ConveyorF;Received;1570793777098
ConveyorF;Sent;1570793787798
ConveyorA;Received;1570793790688
ConveyorA;Sent;1570793792922
ConveyorB;Received;1570793804977
ConveyorB;Sent;1570793806414
ConveyorC;Received;1570793808695
ConveyorC;Sent;1570793808914
ConveyorD;Received;1570793812048
ConveyorD;Sent;1570793822582
ConveyorE;Received;1570793824863
ConveyorE;Sent;1570793825097
ConveyorF;Received;1570793828456
ConveyorF;Sent;1570793839172
ConveyorA;Received;1570793841812
ConveyorA;Sent;1570793844066
ConveyorB;Received;1570793856174
ConveyorB;Sent;1570793857612
ConveyorC;Received;1570793859768
ConveyorC;Sent;1570793860002
ConveyorD;Received;1570793863111
ConveyorD;Sent;1570793873632
ConveyorE;Received;1570793875913
ConveyorE;Sent;1570793876151
ConveyorF;Received;1570793879496
ConveyorF;Sent;1570793890212
ConveyorA;Received;1570793892618
ConveyorA;Sent;1570793894853
ConveyorB;Received;1570793906972
ConveyorB;Sent;1570793908410
ConveyorC;Received;1570793910661
ConveyorC;Sent;1570793910895
ConveyorD;Received;1570793914098
ConveyorD;Sent;1570793924637
ConveyorE;Received;1570793926918
ConveyorE;Sent;1570793927152
ConveyorF;Received;1570793930527
ConveyorF;Sent;1570793941233
ConveyorA;Received;1570793944109
ConveyorA;Sent;1570793946359
ConveyorB;Received;1570793958459
ConveyorB;Sent;1570793959881
ConveyorC;Received;1570793962162
ConveyorC;Sent;1570793962396
ConveyorD;Received;1570793965504
ConveyorD;Sent;1570793976047
ConveyorE;Received;1570793978266
ConveyorE;Sent;1570793978500
ConveyorF;Received;1570793981844
ConveyorF;Sent;1570793992557
ConveyorA;Received;1570793995431
ConveyorA;Sent;1570793997697
ConveyorB;Received;1570794009755
ConveyorB;Sent;1570794011193
ConveyorC;Received;1570794013349
ConveyorC;Sent;1570794013583
ConveyorD;Received;1570794016692
ConveyorD;Sent;1570794027238
ConveyorE;Received;1570794029519
ConveyorE;Sent;1570794029753
ConveyorF;Received;1570794033118
ConveyorF;Sent;1570794043839
ConveyorA;Received;1570794046386
ConveyorA;Sent;1570794048620
ConveyorB;Received;1570794060748
ConveyorB;Sent;1570794062185
ConveyorC;Received;1570794064353
ConveyorC;Sent;1570794064577
ConveyorD;Received;1570794067905
ConveyorD;Sent;1570794078455
ConveyorE;Received;1570794080736
ConveyorE;Sent;1570794080971
ConveyorF;Received;1570794084330
ConveyorF;Sent;1570794095055
ConveyorA;Received;1570794098055
ConveyorA;Sent;1570794100320
ConveyorB;Received;1570794112583
ConveyorB;Sent;1570794114020
ConveyorC;Received;1570794116301
ConveyorC;Sent;1570794116536
ConveyorD;Received;1570794119656
ConveyorD;Sent;1570794130217
ConveyorE;Received;1570794132494
ConveyorE;Sent;1570794132728
ConveyorF;Received;1570794136087
ConveyorF;Sent;1570794146794
ConveyorA;Received;1570794149669
ConveyorA;Sent;1570794151935
ConveyorB;Received;1570794164060
ConveyorB;Sent;1570794165492
ConveyorC;Received;1570794167648
ConveyorC;Sent;1570794167883
ConveyorD;Received;1570794170992
ConveyorD;Sent;1570794181561
ConveyorE;Received;1570794183842
ConveyorE;Sent;1570794184077
ConveyorF;Received;1570794187425
ConveyorF;Sent;1570794198172
ConveyorA;Received;1570794201047
ConveyorA;Sent;1570794203312
ConveyorB;Received;1570794215310
ConveyorB;Sent;1570794216747
ConveyorC;Received;1570794219028
ConveyorC;Sent;1570794219263
ConveyorD;Received;1570794222329
ConveyorD;Sent;1570794232872
ConveyorE;Received;1570794235153
ConveyorE;Sent;1570794235372
ConveyorF;Received;1570794238731
ConveyorF;Sent;1570794249462
ConveyorA;Received;1570794251853
ConveyorA;Sent;1570794254117
ConveyorB;Received;1570794266350
ConveyorB;Sent;1570794267787
ConveyorC;Received;1570794270068
ConveyorC;Sent;1570794270303
ConveyorD;Received;1570794273427
ConveyorD;Sent;1570794283972
ConveyorE;Received;1570794286136
ConveyorE;Sent;1570794286370
ConveyorF;Received;1570794289760
ConveyorF;Sent;1570794300489
ConveyorA;Received;1570794303379
ConveyorA;Sent;1570794305614
ConveyorB;Received;1570794317716
ConveyorB;Sent;1570794319154
ConveyorC;Received;1570794321309
ConveyorC;Sent;1570794321543
ConveyorD;Received;1570794324543
ConveyorD;Sent;1570794335089
ConveyorE;Received;1570794337370
ConveyorE;Sent;1570794337605
ConveyorF;Received;1570794340980
ConveyorF;Sent;1570794351673
ConveyorA;Received;1570794354192
ConveyorA;Sent;1570794356442
ConveyorB;Received;1570794368560
ConveyorB;Sent;1570794369998
ConveyorC;Received;1570794372154
ConveyorC;Sent;1570794372388
ConveyorD;Received;1570794375503
ConveyorD;Sent;1570794386045
ConveyorE;Received;1570794388326
ConveyorE;Sent;1570794388561
ConveyorF;Received;1570794391920
ConveyorF;Sent;1570794402634
ConveyorA;Received;1570794405040
ConveyorA;Sent;1570794407275
ConveyorB;Received;1570794419438
ConveyorB;Sent;1570794420860
ConveyorC;Received;1570794423016
ConveyorC;Sent;1570794423251
ConveyorD;Received;1570794426375
ConveyorD;Sent;1570794436913
ConveyorE;Received;1570794439194
ConveyorE;Sent;1570794439428
ConveyorF;Received;1570794442752
ConveyorF;Sent;1570794453484
ConveyorA;Received;1570794456125
ConveyorA;Sent;1570794458375
ConveyorB;Received;1570794470484
ConveyorB;Sent;1570794471921
ConveyorC;Received;1570794474085
ConveyorC;Sent;1570794474311
ConveyorD;Received;1570794477436
ConveyorD;Sent;1570794487971
ConveyorE;Received;1570794490252
ConveyorE;Sent;1570794490487
ConveyorF;Received;1570794493736
ConveyorF;Sent;1570794504467
ConveyorA;Received;1570794507107
ConveyorA;Sent;1570794509359
ConveyorB;Received;1570794521470
ConveyorB;Sent;1570794522908
ConveyorC;Received;1570794525189
ConveyorC;Sent;1570794525423
ConveyorD;Received;1570794528423
ConveyorD;Sent;1570794538947
ConveyorE;Received;1570794541103
ConveyorE;Sent;1570794541353
ConveyorF;Received;1570794544713
ConveyorF;Sent;1570794555456
ConveyorA;Received;1570794557971
ConveyorA;Sent;1570794560236
ConveyorB;Received;1570794572360
ConveyorB;Sent;1570794573787
ConveyorC;Received;1570794575934
ConveyorC;Sent;1570794576168
ConveyorD;Received;1570794579340
ConveyorD;Sent;1570794589853
ConveyorE;Received;1570794592134
ConveyorE;Sent;1570794592369
ConveyorF;Received;1570794595728
ConveyorF;Sent;1570794606456
ConveyorA;Received;1570794609227
ConveyorA;Sent;1570794611461
ConveyorB;Received;1570794623581
ConveyorB;Sent;1570794625003
ConveyorC;Received;1570794627159
ConveyorC;Sent;1570794627393
ConveyorD;Received;1570794630507
ConveyorD;Sent;1570794641067
ConveyorE;Received;1570794643317
ConveyorE;Sent;1570794643567
ConveyorF;Received;1570794646926
ConveyorF;Sent;1570794657631
ConveyorA;Received;1570794660631
ConveyorA;Sent;1570794662868
ConveyorB;Received;1570794674874
ConveyorB;Sent;1570794676295
ConveyorC;Received;1570794678467
ConveyorC;Sent;1570794678701
ConveyorD;Received;1570794681811
ConveyorD;Sent;1570794692366
ConveyorE;Received;1570794694647
ConveyorE;Sent;1570794694881
ConveyorF;Received;1570794698252
ConveyorF;Sent;1570794708967
ConveyorA;Received;1570794711716
ConveyorA;Sent;1570794713982
ConveyorB;Received;1570794726100
ConveyorB;Sent;1570794727537
ConveyorC;Received;1570794729684
ConveyorC;Sent;1570794729918
ConveyorD;Received;1570794733043
ConveyorD;Sent;1570794743632
ConveyorE;Received;1570794745898
ConveyorE;Sent;1570794746148
ConveyorF;Received;1570794749507
ConveyorF;Sent;1570794760220
ConveyorA;Received;1570794762985
ConveyorA;Sent;1570794765219
ConveyorB;Received;1570794777198
ConveyorB;Sent;1570794778619
ConveyorC;Received;1570794780791
ConveyorC;Sent;1570794781025
ConveyorD;Received;1570794784148
ConveyorD;Sent;1570794794669
ConveyorE;Received;1570794796928
ConveyorE;Sent;1570794797162
ConveyorF;Received;1570794800537
ConveyorF;Sent;1570794811241
ConveyorA;Received;1570794813991
ConveyorA;Sent;1570794816256
ConveyorB;Received;1570794828262
ConveyorB;Sent;1570794829680
ConveyorC;Received;1570794831837
ConveyorC;Sent;1570794832071
ConveyorD;Received;1570794835180
ConveyorD;Sent;1570794845757
ConveyorE;Received;1570794848038
ConveyorE;Sent;1570794848272
ConveyorF;Received;1570794851638
ConveyorF;Sent;1570794862387
ConveyorA;Received;1570794864903
ConveyorA;Sent;1570794867152
ConveyorB;Received;1570794879161
ConveyorB;Sent;1570794880583
ConveyorC;Received;1570794882754
ConveyorC;Sent;1570794882989
ConveyorD;Received;1570794886201
ConveyorD;Sent;1570794896759
ConveyorE;Received;1570794899040
ConveyorE;Sent;1570794899274
ConveyorF;Received;1570794902633
ConveyorF;Sent;1570794913354
ConveyorA;Received;1570794916353
ConveyorA;Sent;1570794918609
ConveyorB;Received;1570794930729
ConveyorB;Sent;1570794932151
ConveyorC;Received;1570794934682
ConveyorC;Sent;1570794934917
ConveyorD;Received;1570794938026
ConveyorD;Sent;1570794948597
ConveyorE;Received;1570794950960
ConveyorE;Sent;1570794951194
ConveyorF;Received;1570794954475
ConveyorF;Sent;1570794965176
ConveyorA;Received;1570794968176
ConveyorA;Sent;1570794970426
ConveyorB;Received;1570794982628
ConveyorB;Sent;1570794984058
ConveyorC;Received;1570794986214
ConveyorC;Sent;1570794986449
ConveyorD;Received;1570794989573
ConveyorD;Sent;1570795000100
ConveyorE;Received;1570795002381
ConveyorE;Sent;1570795002631
ConveyorF;Received;1570795005987
ConveyorF;Sent;1570795016692
ConveyorA;Received;1570795019317
ConveyorA;Sent;1570795021582
ConveyorB;Received;1570795033700
ConveyorB;Sent;1570795035122
ConveyorC;Received;1570795037293
ConveyorC;Sent;1570795037528
ConveyorD;Received;1570795040685
ConveyorD;Sent;1570795051255
ConveyorE;Received;1570795053536
ConveyorE;Sent;1570795053771
ConveyorF;Received;1570795057130
ConveyorF;Sent;1570795067817
ConveyorA;Received;1570795070332
ConveyorA;Sent;1570795072580
ConveyorB;Received;1570795084588
ConveyorB;Sent;1570795086010
ConveyorC;Received;1570795088291
ConveyorC;Sent;1570795088525
ConveyorD;Received;1570795091650
ConveyorD;Sent;1570795102183
ConveyorE;Received;1570795104354
ConveyorE;Sent;1570795104589
ConveyorF;Received;1570795107924
ConveyorF;Sent;1570795118637
ConveyorA;Received;1570795121636
ConveyorA;Sent;1570795123886
ConveyorB;Received;1570795135947
ConveyorB;Sent;1570795137368
ConveyorC;Received;1570795139539
ConveyorC;Sent;1570795139758
ConveyorD;Received;1570795142883
ConveyorD;Sent;1570795153441
ConveyorE;Received;1570795155722
ConveyorE;Sent;1570795155956
ConveyorF;Received;1570795159315
ConveyorF;Sent;1570795170004
ConveyorA;Received;1570795172514
ConveyorA;Sent;1570795174764
ConveyorB;Received;1570795186894
ConveyorB;Sent;1570795188362
ConveyorC;Received;1570795190518
ConveyorC;Sent;1570795190753
ConveyorD;Received;1570795193985
ConveyorD;Sent;1570795204531
ConveyorE;Received;1570795206812
ConveyorE;Sent;1570795207046
ConveyorF;Received;1570795210405
ConveyorF;Sent;1570795221139
ConveyorA;Received;1570795224014
ConveyorA;Sent;1570795226280
ConveyorB;Received;1570795238271
ConveyorB;Sent;1570795239709
ConveyorC;Received;1570795241865
ConveyorC;Sent;1570795242099
ConveyorD;Received;1570795245224
ConveyorD;Sent;1570795255768
ConveyorE;Received;1570795257924
ConveyorE;Sent;1570795258174
ConveyorF;Received;1570795261584
ConveyorF;Sent;1570795272306
ConveyorA;Received;1570795275056
ConveyorA;Sent;1570795277306
ConveyorB;Received;1570795289369
ConveyorB;Sent;1570795290791
ConveyorC;Received;1570795293072
ConveyorC;Sent;1570795293312
ConveyorD;Received;1570795296430
ConveyorD;Sent;1570795306978
ConveyorE;Received;1570795309259
ConveyorE;Sent;1570795309509
ConveyorF;Received;1570795312868
ConveyorF;Sent;1570795323589
ConveyorA;Received;1570795326104
ConveyorA;Sent;1570795328350
ConveyorB;Received;1570795340482
ConveyorB;Sent;1570795341904
ConveyorC;Received;1570795344294
ConveyorC;Sent;1570795344544
ConveyorD;Received;1570795347653
ConveyorD;Sent;1570795358188
ConveyorE;Received;1570795360468
ConveyorE;Sent;1570795360718
ConveyorF;Received;1570795364077
ConveyorF;Sent;1570795374801
ConveyorA;Received;1570795377567
ConveyorA;Sent;1570795379817
ConveyorB;Received;1570795391951
ConveyorB;Sent;1570795393388
ConveyorC;Received;1570795395544
ConveyorC;Sent;1570795395779
ConveyorD;Received;1570795398904
ConveyorD;Sent;1570795409463
ConveyorE;Received;1570795411619
ConveyorE;Sent;1570795411853
ConveyorF;Received;1570795415337
ConveyorF;Sent;1570795426054
ConveyorA;Received;1570795428584
ConveyorA;Sent;1570795430834
ConveyorB;Received;1570795443067
ConveyorB;Sent;1570795444505
ConveyorC;Received;1570795446786
ConveyorC;Sent;1570795447020
ConveyorD;Received;1570795450138
ConveyorD;Sent;1570795460670
ConveyorE;Received;1570795462982
ConveyorE;Sent;1570795463232
ConveyorF;Received;1570795466701
ConveyorF;Sent;1570795477430
ConveyorA;Received;1570795480179
ConveyorA;Sent;1570795482441
ConveyorB;Received;1570795494673
ConveyorB;Sent;1570795496110
ConveyorC;Received;1570795498391
ConveyorC;Sent;1570795498641
ConveyorD;Received;1570795501876
ConveyorD;Sent;1570795512451
ConveyorE;Received;1570795514737
ConveyorE;Sent;1570795514970
ConveyorF;Received;1570795518329
ConveyorF;Sent;1570795529060
ConveyorA;Received;1570795531950
ConveyorA;Sent;1570795534200
ConveyorB;Received;1570795546432
ConveyorB;Sent;1570795547870
ConveyorC;Received;1570795550007
ConveyorC;Sent;1570795550257
ConveyorD;Received;1570795553382
ConveyorD;Sent;1570795563891
ConveyorE;Received;1570795566062
ConveyorE;Sent;1570795566297
ConveyorF;Received;1570795569656
ConveyorF;Sent;1570795580372
ConveyorA;Received;1570795583617
ConveyorA;Sent;1570795585851
ConveyorB;Received;1570795597955
ConveyorB;Sent;1570795599393
ConveyorC;Received;1570795601549
ConveyorC;Sent;1570795601799
ConveyorD;Received;1570795604913
ConveyorD;Sent;1570795615427
ConveyorE;Received;1570795617770
ConveyorE;Sent;1570795618020
ConveyorF;Received;1570795621379
ConveyorF;Sent;1570795632080
ConveyorA;Received;1570795635080
ConveyorA;Sent;1570795637328
ConveyorB;Received;1570795649341
ConveyorB;Sent;1570795650762
ConveyorC;Received;1570795653044
ConveyorC;Sent;1570795653293
ConveyorD;Received;1570795656293
ConveyorD;Sent;1570795666843
ConveyorE;Received;1570795669124
ConveyorE;Sent;1570795669374
ConveyorF;Received;1570795672737
ConveyorF;Sent;1570795683438
ConveyorA;Received;1570795685954
ConveyorA;Sent;1570795688219
ConveyorB;Received;1570795700334
ConveyorB;Sent;1570795701772
ConveyorC;Received;1570795704061
ConveyorC;Sent;1570795704295
ConveyorD;Received;1570795707451
ConveyorD;Sent;1570795717978
ConveyorE;Received;1570795720259
ConveyorE;Sent;1570795720509
ConveyorF;Received;1570795723868
ConveyorF;Sent;1570795734595
ConveyorA;Received;1570795737115
ConveyorA;Sent;1570795739365
ConveyorB;Received;1570795751783
ConveyorB;Sent;1570795753220
ConveyorC;Received;1570795755376
ConveyorC;Sent;1570795755626
ConveyorD;Received;1570795758747
ConveyorD;Sent;1570795769309
ConveyorE;Received;1570795771656
ConveyorE;Sent;1570795771906
ConveyorF;Received;1570795775265
ConveyorF;Sent;1570795785991
ConveyorA;Received;1570795788865
ConveyorA;Sent;1570795791100
ConveyorB;Received;1570795803133
ConveyorB;Sent;1570795804571
ConveyorC;Received;1570795806727
ConveyorC;Sent;1570795806961
ConveyorD;Received;1570795809961
ConveyorD;Sent;1570795820503
ConveyorE;Received;1570795822784
ConveyorE;Sent;1570795823019
ConveyorF;Received;1570795826387
ConveyorF;Sent;1570795837085
ConveyorA;Received;1570795839881
ConveyorA;Sent;1570795842116
ConveyorB;Received;1570795854115
ConveyorB;Sent;1570795855537
ConveyorC;Received;1570795857709
ConveyorC;Sent;1570795857943
ConveyorD;Received;1570795861050
ConveyorD;Sent;1570795871577
ConveyorE;Received;1570795873749
ConveyorE;Sent;1570795873984
ConveyorF;Received;1570795877343
ConveyorF;Sent;1570795888060
ConveyorA;Received;1570795890700
ConveyorA;Sent;1570795892930
ConveyorB;Received;1570795905177
ConveyorB;Sent;1570795906614
ConveyorC;Received;1570795908770
ConveyorC;Sent;1570795909005
ConveyorD;Received;1570795912130
ConveyorD;Sent;1570795922655
ConveyorE;Received;1570795924948
ConveyorE;Sent;1570795925183
ConveyorF;Received;1570795928542
ConveyorF;Sent;1570795939267
ConveyorA;Received;1570795941548
ConveyorA;Sent;1570795943798
ConveyorB;Received;1570795955826
ConveyorB;Sent;1570795957263
ConveyorC;Received;1570795959656
ConveyorC;Sent;1570795959890
ConveyorD;Received;1570795962890
ConveyorD;Sent;1570795973440
ConveyorE;Received;1570795975721
ConveyorE;Sent;1570795975955
ConveyorF;Received;1570795979315
ConveyorF;Sent;1570795990038
ConveyorA;Received;1570795993156
ConveyorA;Sent;1570795995406
ConveyorB;Received;1570796007528
ConveyorB;Sent;1570796008950
ConveyorC;Received;1570796011106
ConveyorC;Sent;1570796011356
ConveyorD;Received;1570796014503
ConveyorD;Sent;1570796025031
ConveyorE;Received;1570796027187
ConveyorE;Sent;1570796027421
ConveyorF;Received;1570796030780
ConveyorF;Sent;1570796041490
ConveyorA;Received;1570796044615
ConveyorA;Sent;1570796046861
ConveyorB;Received;1570796059100
ConveyorB;Sent;1570796060537
ConveyorC;Received;1570796062693
ConveyorC;Sent;1570796062927
ConveyorD;Received;1570796066052
ConveyorD;Sent;1570796076595
ConveyorE;Received;1570796078985
ConveyorE;Sent;1570796079220
ConveyorF;Received;1570796082558
ConveyorF;Sent;1570796093257
ConveyorA;Received;1570796096007
ConveyorA;Sent;1570796098257
ConveyorB;Received;1570796110541
ConveyorB;Sent;1570796111963
ConveyorC;Received;1570796114253
ConveyorC;Sent;1570796114487
ConveyorD;Received;1570796117612
ConveyorD;Sent;1570796128143
ConveyorE;Received;1570796130424
ConveyorE;Sent;1570796130658
ConveyorF;Received;1570796134017
ConveyorF;Sent;1570796144733
ConveyorA;Received;1570796147239
ConveyorA;Sent;1570796149505
ConveyorB;Received;1570796161614
ConveyorB;Sent;1570796163052
ConveyorC;Received;1570796165208
ConveyorC;Sent;1570796165458
ConveyorD;Received;1570796168566
ConveyorD;Sent;1570796179120
ConveyorE;Received;1570796181390
ConveyorE;Sent;1570796181624
ConveyorF;Received;1570796184984
ConveyorF;Sent;1570796195710
ConveyorA;Received;1570796198350
ConveyorA;Sent;1570796200600
ConveyorB;Received;1570796212955
ConveyorB;Sent;1570796214392
ConveyorC;Received;1570796216517
ConveyorC;Sent;1570796216751
ConveyorD;Received;1570796219751
ConveyorD;Sent;1570796230291
ConveyorE;Received;1570796232462
ConveyorE;Sent;1570796232697
ConveyorF;Received;1570796236047
ConveyorF;Sent;1570796246787
ConveyorA;Received;1570796249302
ConveyorA;Sent;1570796251537
ConveyorB;Received;1570796263620
ConveyorB;Sent;1570796265042
ConveyorC;Received;1570796267214
ConveyorC;Sent;1570796267448
ConveyorD;Received;1570796270557
ConveyorD;Sent;1570796281120
ConveyorE;Received;1570796283401
ConveyorE;Sent;1570796283635
ConveyorF;Received;1570796286994
ConveyorF;Sent;1570796297712
ConveyorA;Received;1570796300524
ConveyorA;Sent;1570796302776
ConveyorB;Received;1570796314882
ConveyorB;Sent;1570796316319
ConveyorC;Received;1570796318600
ConveyorC;Sent;1570796318835
ConveyorD;Received;1570796321944
ConveyorD;Sent;1570796332503
ConveyorE;Received;1570796334663
ConveyorE;Sent;1570796334898
ConveyorF;Received;1570796338257
ConveyorF;Sent;1570796348948
ConveyorA;Received;1570796351713
ConveyorA;Sent;1570796353947
ConveyorB;Received;1570796366077
ConveyorB;Sent;1570796367517
ConveyorC;Received;1570796369676
ConveyorC;Sent;1570796369910
ConveyorD;Received;1570796372988
ConveyorD;Sent;1570796383539
ConveyorE;Received;1570796385695
ConveyorE;Sent;1570796385945
ConveyorF;Received;1570796389304
ConveyorF;Sent;1570796400034
ConveyorA;Received;1570796403029
ConveyorA;Sent;1570796405263
ConveyorB;Received;1570796417431
ConveyorB;Sent;1570796418869
ConveyorC;Received;1570796421025
ConveyorC;Sent;1570796421259
ConveyorD;Received;1570796424381
ConveyorD;Sent;1570796434928
ConveyorE;Received;1570796437147
ConveyorE;Sent;1570796437381
ConveyorF;Received;1570796440740
ConveyorF;Sent;1570796451424
ConveyorA;Received;1570796454548
ConveyorA;Sent;1570796456793
ConveyorB;Received;1570796468953
ConveyorB;Sent;1570796470390
ConveyorC;Received;1570796472546
ConveyorC;Sent;1570796472781
ConveyorD;Received;1570796475906
ConveyorD;Sent;1570796486464
ConveyorE;Received;1570796488745
ConveyorE;Sent;1570796488979
ConveyorF;Received;1570796492330
ConveyorF;Sent;1570796503046
ConveyorA;Received;1570796505577
ConveyorA;Sent;1570796507827
ConveyorB;Received;1570796520180
ConveyorB;Sent;1570796521617
ConveyorC;Received;1570796523825
ConveyorC;Sent;1570796524059
ConveyorD;Received;1570796527184
ConveyorD;Sent;1570796537753
ConveyorE;Received;1570796540019
ConveyorE;Sent;1570796540269
ConveyorF;Received;1570796543628
ConveyorF;Sent;1570796554328
ConveyorA;Received;1570796557213
ConveyorA;Sent;1570796559463
ConveyorB;Received;1570796571632
ConveyorB;Sent;1570796573070
ConveyorC;Received;1570796575226
ConveyorC;Sent;1570796575460
ConveyorD;Received;1570796578580
ConveyorD;Sent;1570796589144
ConveyorE;Received;1570796591425
ConveyorE;Sent;1570796591659
ConveyorF;Received;1570796595018
ConveyorF;Sent;1570796605735
ConveyorA;Received;1570796608500
ConveyorA;Sent;1570796610750
ConveyorB;Received;1570796622803
ConveyorB;Sent;1570796624225
ConveyorC;Received;1570796626397
ConveyorC;Sent;1570796626631
ConveyorD;Received;1570796629740
ConveyorD;Sent;1570796640293
ConveyorE;Received;1570796642574
ConveyorE;Sent;1570796642808
ConveyorF;Received;1570796646172
ConveyorF;Sent;1570796656885
ConveyorA;Received;1570796659604
ConveyorA;Sent;1570796661869
ConveyorB;Received;1570796674102
ConveyorB;Sent;1570796675539
ConveyorC;Received;1570796677822
ConveyorC;Sent;1570796678057
ConveyorD;Received;1570796681150
ConveyorD;Sent;1570796691726
ConveyorE;Received;1570796694007
ConveyorE;Sent;1570796694242
ConveyorF;Received;1570796697601
ConveyorF;Sent;1570796708297
ConveyorA;Received;1570796710930
ConveyorA;Sent;1570796713196
ConveyorB;Received;1570796725355
ConveyorB;Sent;1570796726793
ConveyorC;Received;1570796728949
ConveyorC;Sent;1570796729183
ConveyorD;Received;1570796732308
ConveyorD;Sent;1570796742874
ConveyorE;Received;1570796745088
ConveyorE;Sent;1570796745323
ConveyorF;Received;1570796748729
ConveyorF;Sent;1570796759389
ConveyorA;Received;1570796762029
ConveyorA;Sent;1570796764279
ConveyorB;Received;1570796776363
ConveyorB;Sent;1570796777798
ConveyorC;Received;1570796779969
ConveyorC;Sent;1570796780204
ConveyorD;Received;1570796783313
ConveyorD;Sent;1570796793913
ConveyorE;Received;1570796796085
ConveyorE;Sent;1570796796319
ConveyorF;Received;1570796799676
ConveyorF;Sent;1570796810346
ConveyorA;Received;1570796813205
ConveyorA;Sent;1570796815455
ConveyorB;Received;1570796827578
ConveyorB;Sent;1570796829015
ConveyorC;Received;1570796831187
ConveyorC;Sent;1570796831406
ConveyorD;Received;1570796834577
ConveyorD;Sent;1570796845137
ConveyorE;Received;1570796847293
ConveyorE;Sent;1570796847527
ConveyorF;Received;1570796851012
ConveyorF;Sent;1570796861671
ConveyorA;Received;1570796864671
ConveyorA;Sent;1570796866916
ConveyorB;Received;1570796879011
ConveyorB;Sent;1570796880433
ConveyorC;Received;1570796882714
ConveyorC;Sent;1570796882948
ConveyorD;Received;1570796885948
ConveyorD;Sent;1570796896524
ConveyorE;Received;1570796898808
ConveyorE;Sent;1570796899037
ConveyorF;Received;1570796902381
ConveyorF;Sent;1570796913003
ConveyorA;Received;1570796915284
ConveyorA;Sent;1570796917550
ConveyorB;Received;1570796929755
ConveyorB;Sent;1570796931192
ConveyorC;Received;1570796933465
ConveyorC;Sent;1570796933699
ConveyorD;Received;1570796936824
ConveyorD;Sent;1570796947399
ConveyorE;Received;1570796949680
ConveyorE;Sent;1570796949915
ConveyorF;Received;1570796953274
ConveyorF;Sent;1570796963879
ConveyorA;Received;1570796966165
ConveyorA;Sent;1570796968415
ConveyorB;Received;1570796980544
ConveyorB;Sent;1570796981982
ConveyorC;Received;1570796984138
ConveyorC;Sent;1570796984372
ConveyorD;Received;1570796987499
ConveyorD;Sent;1570796998037
ConveyorE;Received;1570797000206
ConveyorE;Sent;1570797000440
ConveyorF;Received;1570797003674
ConveyorF;Sent;1570797014303
ConveyorA;Received;1570797016584
ConveyorA;Sent;1570797018834
ConveyorB;Received;1570797030832
ConveyorB;Sent;1570797032274
ConveyorC;Received;1570797034461
ConveyorC;Sent;1570797034695
ConveyorD;Received;1570797037820
ConveyorD;Sent;1570797048382
ConveyorE;Received;1570797050538
ConveyorE;Sent;1570797050772
ConveyorF;Received;1570797054144
ConveyorF;Sent;1570797064722
ConveyorA;Received;1570797067732
ConveyorA;Sent;1570797069998
ConveyorB;Received;1570797081991
ConveyorB;Sent;1570797083428
ConveyorC;Received;1570797085694
ConveyorC;Sent;1570797085928
ConveyorD;Received;1570797089050
ConveyorD;Sent;1570797099622
ConveyorE;Received;1570797101903
ConveyorE;Sent;1570797102137
ConveyorF;Received;1570797105497
ConveyorF;Sent;1570797116100
ConveyorA;Received;1570797118740
ConveyorA;Sent;1570797120977
ConveyorB;Received;1570797132974
ConveyorB;Sent;1570797134411
ConveyorC;Received;1570797136567
ConveyorC;Sent;1570797136801
ConveyorD;Received;1570797139926
ConveyorD;Sent;1570797150472
ConveyorE;Received;1570797152628
ConveyorE;Sent;1570797152862
ConveyorF;Received;1570797156226
ConveyorF;Sent;1570797166785
ConveyorA;Received;1570797169425
ConveyorA;Sent;1570797171691
ConveyorB;Received;1570797183687
ConveyorB;Sent;1570797185125
ConveyorC;Received;1570797187285
ConveyorC;Sent;1570797187519
ConveyorD;Received;1570797190613
ConveyorD;Sent;1570797201204
ConveyorE;Received;1570797203485
ConveyorE;Sent;1570797203719
ConveyorF;Received;1570797207078
ConveyorF;Sent;1570797217674
ConveyorA;Received;1570797220302
ConveyorA;Sent;1570797222568
ConveyorB;Received;1570797234566
ConveyorB;Sent;1570797236003
ConveyorC;Received;1570797238159
ConveyorC;Sent;1570797238394
ConveyorD;Received;1570797241518
ConveyorD;Sent;1570797252078
ConveyorE;Received;1570797254292
ConveyorE;Sent;1570797254526
ConveyorF;Received;1570797257948
ConveyorF;Sent;1570797268561
ConveyorA;Received;1570797271201
ConveyorA;Sent;1570797273451
ConveyorB;Received;1570797285650
ConveyorB;Sent;1570797287071
ConveyorC;Received;1570797289242
ConveyorC;Sent;1570797289477
ConveyorD;Received;1570797292586
ConveyorD;Sent;1570797303148
ConveyorE;Received;1570797305429
ConveyorE;Sent;1570797305663
ConveyorF;Received;1570797309022
ConveyorF;Sent;1570797319637
ConveyorA;Received;1570797322372
ConveyorA;Sent;1570797324638
ConveyorB;Received;1570797336752
ConveyorB;Sent;1570797338189
ConveyorC;Received;1570797340361
ConveyorC;Sent;1570797340580
ConveyorD;Received;1570797343693
ConveyorD;Sent;1570797354263
ConveyorE;Received;1570797356544
ConveyorE;Sent;1570797356778
ConveyorF;Received;1570797360137
ConveyorF;Sent;1570797370724
ConveyorA;Received;1570797373364
ConveyorA;Sent;1570797375609
ConveyorB;Received;1570797387725
ConveyorB;Sent;1570797389147
ConveyorC;Received;1570797391428
ConveyorC;Sent;1570797391662
ConveyorD;Received;1570797394662
ConveyorD;Sent;1570797405230
ConveyorE;Received;1570797407386
ConveyorE;Sent;1570797407621
ConveyorF;Received;1570797410985
ConveyorF;Sent;1570797421586
ConveyorA;Received;1570797424585
ConveyorA;Sent;1570797426835
ConveyorB;Received;1570797439057
ConveyorB;Sent;1570797440478
ConveyorC;Received;1570797442630
ConveyorC;Sent;1570797442864
ConveyorD;Received;1570797445989
ConveyorD;Sent;1570797456567
ConveyorE;Received;1570797458723
ConveyorE;Sent;1570797458957
ConveyorF;Received;1570797462317
ConveyorF;Sent;1570797472891
ConveyorA;Received;1570797475653
ConveyorA;Sent;1570797477918
ConveyorB;Received;1570797490032
ConveyorB;Sent;1570797491454
ConveyorC;Received;1570797493735
ConveyorC;Sent;1570797493970
ConveyorD;Received;1570797497082
ConveyorD;Sent;1570797507684
ConveyorE;Received;1570797509831
ConveyorE;Sent;1570797510081
ConveyorF;Received;1570797513440
ConveyorF;Sent;1570797523999
ConveyorA;Received;1570797526890
ConveyorA;Sent;1570797529124
ConveyorB;Received;1570797541258
ConveyorB;Sent;1570797542680
ConveyorC;Received;1570797544836
ConveyorC;Sent;1570797545133
ConveyorD;Received;1570797548257
ConveyorD;Sent;1570797558836
ConveyorE;Received;1570797561008
ConveyorE;Sent;1570797561242
ConveyorF;Received;1570797564601
ConveyorF;Sent;1570797575206
ConveyorA;Received;1570797577956
ConveyorA;Sent;1570797580221
ConveyorB;Received;1570797592314
ConveyorB;Sent;1570797593751
ConveyorC;Received;1570797595907
ConveyorC;Sent;1570797596142
ConveyorD;Received;1570797599255
ConveyorD;Sent;1570797609843
ConveyorE;Received;1570797612124
ConveyorE;Sent;1570797612359
ConveyorF;Received;1570797615718
ConveyorF;Sent;1570797626319
ConveyorA;Received;1570797628959
ConveyorA;Sent;1570797631197
ConveyorB;Received;1570797643188
ConveyorB;Sent;1570797644626
ConveyorC;Received;1570797646782
ConveyorC;Sent;1570797647016
ConveyorD;Received;1570797650141
ConveyorD;Sent;1570797660723
ConveyorE;Received;1570797663011
ConveyorE;Sent;1570797663246
ConveyorF;Received;1570797666605
ConveyorF;Sent;1570797677291
ConveyorA;Received;1570797680166
ConveyorA;Sent;1570797682416
ConveyorB;Received;1570797694527
ConveyorB;Sent;1570797695967
ConveyorC;Received;1570797698100
ConveyorC;Sent;1570797698334
ConveyorD;Received;1570797701443
ConveyorD;Sent;1570797712025
ConveyorE;Received;1570797714306
ConveyorE;Sent;1570797714556
ConveyorF;Received;1570797717915
ConveyorF;Sent;1570797728590
ConveyorA;Received;1570797731350
ConveyorA;Sent;1570797733599
ConveyorB;Received;1570797745796
ConveyorB;Sent;1570797747218
ConveyorC;Received;1570797749374
ConveyorC;Sent;1570797749608
ConveyorD;Received;1570797752608
ConveyorD;Sent;1570797763175
ConveyorE;Received;1570797765518
ConveyorE;Sent;1570797765752
ConveyorF;Received;1570797769112
ConveyorF;Sent;1570797779731
ConveyorA;Received;1570797782731
ConveyorA;Sent;1570797784987
ConveyorB;Received;1570797797081
ConveyorB;Sent;1570797798518
ConveyorC;Received;1570797800674
ConveyorC;Sent;1570797800908
ConveyorD;Received;1570797804018
ConveyorD;Sent;1570797814573
ConveyorE;Received;1570797816854
ConveyorE;Sent;1570797817088
ConveyorF;Received;1570797820449
ConveyorF;Sent;1570797831085
ConveyorA;Received;1570797833725
ConveyorA;Sent;1570797835975
ConveyorB;Received;1570797848098
ConveyorB;Sent;1570797849536
ConveyorC;Received;1570797851684
ConveyorC;Sent;1570797851919
ConveyorD;Received;1570797855012
ConveyorD;Sent;1570797865540
ConveyorE;Received;1570797867821
ConveyorE;Sent;1570797868056
ConveyorF;Received;1570797871415
ConveyorF;Sent;1570797882032
ConveyorA;Received;1570797884784
ConveyorA;Sent;1570797887049
ConveyorB;Received;1570797899402
ConveyorB;Sent;1570797900824
ConveyorC;Received;1570797902980
ConveyorC;Sent;1570797903214
ConveyorD;Received;1570797906343
ConveyorD;Sent;1570797916868
ConveyorE;Received;1570797919076
ConveyorE;Sent;1570797919310
ConveyorF;Received;1570797922669
ConveyorF;Sent;1570797933286
ConveyorA;Received;1570797936286
ConveyorA;Sent;1570797938536
ConveyorB;Received;1570797950627
ConveyorB;Sent;1570797952049
ConveyorC;Received;1570797954220
ConveyorC;Sent;1570797954439
ConveyorD;Received;1570797957564
ConveyorD;Sent;1570797968119
ConveyorE;Received;1570797970400
ConveyorE;Sent;1570797970650
ConveyorF;Received;1570797974006
ConveyorF;Sent;1570797984679
ConveyorA;Received;1570797987632
ConveyorA;Sent;1570797989882
ConveyorB;Received;1570798001998
ConveyorB;Sent;1570798003436
ConveyorC;Received;1570798005592
ConveyorC;Sent;1570798005825
ConveyorD;Received;1570798008903
ConveyorD;Sent;1570798019442
ConveyorE;Received;1570798021613
ConveyorE;Sent;1570798021848
ConveyorF;Received;1570798025207
ConveyorF;Sent;1570798035926
ConveyorA;Received;1570798038332
ConveyorA;Sent;1570798040581
ConveyorB;Received;1570798052688
ConveyorB;Sent;1570798054126
ConveyorC;Received;1570798056282
ConveyorC;Sent;1570798056516
ConveyorD;Received;1570798059641
ConveyorD;Sent;1570798070208
ConveyorE;Received;1570798072383
ConveyorE;Sent;1570798072611
ConveyorF;Received;1570798075954
ConveyorF;Sent;1570798086598
ConveyorA;Received;1570798089598
ConveyorA;Sent;1570798091848
ConveyorB;Received;1570798103828
ConveyorB;Sent;1570798105250
ConveyorC;Received;1570798107416
ConveyorC;Sent;1570798107650
ConveyorD;Received;1570798110775
ConveyorD;Sent;1570798121346
ConveyorE;Received;1570798123627
ConveyorE;Sent;1570798123861
ConveyorF;Received;1570798127220
ConveyorF;Sent;1570798137844
ConveyorA;Received;1570798140613
ConveyorA;Sent;1570798142863
ConveyorB;Received;1570798155219
ConveyorB;Sent;1570798156641
ConveyorC;Received;1570798158922
ConveyorC;Sent;1570798159157
ConveyorD;Received;1570798162283
ConveyorD;Sent;1570798172825
ConveyorE;Received;1570798174981
ConveyorE;Sent;1570798175216
ConveyorF;Received;1570798178575
ConveyorF;Sent;1570798189211
ConveyorA;Received;1570798191960
ConveyorA;Sent;1570798194209
ConveyorB;Received;1570798206320
ConveyorB;Sent;1570798207758
ConveyorC;Received;1570798209914
ConveyorC;Sent;1570798210148
ConveyorD;Received;1570798213273
ConveyorD;Sent;1570798223847
ConveyorE;Received;1570798226128
ConveyorE;Sent;1570798226362
ConveyorF;Received;1570798229760
ConveyorF;Sent;1570798240466
ConveyorA;Received;1570798243216
ConveyorA;Sent;1570798245466
ConveyorB;Received;1570798257627
ConveyorB;Sent;1570798259064
ConveyorC;Received;1570798261224
ConveyorC;Sent;1570798261459
ConveyorD;Received;1570798264584
ConveyorD;Sent;1570798275125
ConveyorE;Received;1570798277406
ConveyorE;Sent;1570798277656
ConveyorF;Received;1570798281015
ConveyorF;Sent;1570798291731
ConveyorA;Received;1570798294376
ConveyorA;Sent;1570798296642
ConveyorB;Received;1570798308750
ConveyorB;Sent;1570798310188
ConveyorC;Received;1570798312469
ConveyorC;Sent;1570798312703
ConveyorD;Received;1570798315703
ConveyorD;Sent;1570798326294
ConveyorE;Received;1570798328567
ConveyorE;Sent;1570798328801
ConveyorF;Received;1570798332176
ConveyorF;Sent;1570798342872
ConveyorA;Received;1570798345638
ConveyorA;Sent;1570798347887
ConveyorB;Received;1570798360011
ConveyorB;Sent;1570798361440
ConveyorC;Received;1570798363627
ConveyorC;Sent;1570798363862
ConveyorD;Received;1570798366987
ConveyorD;Sent;1570798377547
ConveyorE;Received;1570798379719
ConveyorE;Sent;1570798379953
ConveyorF;Received;1570798383358
ConveyorF;Sent;1570798394042
ConveyorA;Received;1570798396808
ConveyorA;Sent;1570798399042
ConveyorB;Received;1570798411243
ConveyorB;Sent;1570798412665
ConveyorC;Received;1570798414946
ConveyorC;Sent;1570798415180
ConveyorD;Received;1570798418192
ConveyorD;Sent;1570798428746
ConveyorE;Received;1570798431011
ConveyorE;Sent;1570798431245
ConveyorF;Received;1570798434605
ConveyorF;Sent;1570798445308
ConveyorA;Received;1570798447948
ConveyorA;Sent;1570798450192
ConveyorB;Received;1570798462344
ConveyorB;Sent;1570798463782
ConveyorC;Received;1570798465938
ConveyorC;Sent;1570798466172
ConveyorD;Received;1570798469297
ConveyorD;Sent;1570798479871
ConveyorE;Received;1570798482043
ConveyorE;Sent;1570798482277
ConveyorF;Received;1570798485761
ConveyorF;Sent;1570798496414
ConveyorA;Received;1570798499288
ConveyorA;Sent;1570798501538
ConveyorB;Received;1570798513545
ConveyorB;Sent;1570798514983
ConveyorC;Received;1570798517193
ConveyorC;Sent;1570798517427
ConveyorD;Received;1570798520552
ConveyorD;Sent;1570798531106
ConveyorE;Received;1570798533387
ConveyorE;Sent;1570798533637
ConveyorF;Received;1570798536996
